,molecule_name,molecule_volume,n_spheres,Voronoi_mean,Voronoi_error,Centroid_mean,Centroid_error
0,maxPC2,7.958284,5,0.73182304,0.001137964,0.731261847,0.001455708
1,maxPC3,8.046176,5,0.731777691,0.001275793,0.731895256,0.001259883
2,maxPC4,8.069632,5,0.732806087,0.000831021,0.732576324,0.00119575
3,maxPC5,8.34174,5,0.732756647,0.000693132,0.732550752,0.000968163
4,maxPC6,8.30929,5,0.731507717,0.001207478,0.731461605,0.001614117
